{
  "train_loss": [
    6435.211251888635,
    6332.824758469684,
    6331.920928763144,
    6337.808024472411,
    6345.076211029628,
    6352.773668972951,
    6359.861005291249,
    6367.255098930695,
    6374.377689385564,
    6381.143715912441,
    6387.764710240394,
    6394.204381019064,
    6400.494965559282,
    6406.595070125172,
    6412.375398839795,
    6417.886085750172,
    6423.164082077315,
    6428.507220190276,
    6433.533259169861,
    6438.432323527786,
    6437.3532235007615,
    6436.266002727005,
    6435.348133399052,
    6434.392522464009,
    6433.628981104437,
    6432.803860646374,
    6431.952799095297,
    6431.385791706589,
    6430.641534385441,
    6430.025453195632,
    6429.362955345297,
    6428.8123825361145,
    6428.305571933963,
    6427.675673766706,
    6427.190326426764,
    6426.837370098762,
    6426.360396475162,
    6425.965926260318,
    6425.648721179123,
    6425.275179497101,
    6424.958592444846,
    6424.753581113036,
    6424.482559300069,
    6424.278318777025,
    6423.999508647798,
    6423.955020544664,
    6423.910649905415,
    6423.774087006191,
    6423.693776256633,
    6423.672647344241
  ],
  "train_recon": [
    6407.635336054196,
    6285.585636162908,
    6271.768771573433,
    6268.623079887726,
    6269.496310635933,
    6272.304533568568,
    6275.224203241696,
    6278.836951681653,
    6282.455181385736,
    6285.929118222411,
    6289.484534305597,
    6293.020625660254,
    6296.544844333481,
    6300.067067272258,
    6303.381847837436,
    6306.565186314613,
    6309.626874431874,
    6312.844945367777,
    6315.812489635539,
    6318.674116794418,
    6318.388854980469,
    6317.854253804909,
    6317.326146155783,
    6316.7118998593505,
    6316.133441661139,
    6315.641264909468,
    6314.975748314047,
    6314.602364402147,
    6314.039033325963,
    6313.621326758427,
    6312.9891034972,
    6312.616680793042,
    6312.195010779039,
    6311.640965875589,
    6311.2654453493515,
    6310.996473780218,
    6310.584491465826,
    6310.246797765576,
    6309.99402124177,
    6309.616923398192,
    6309.366286943544,
    6309.163308965335,
    6308.919826675511,
    6308.732735112028,
    6308.488149582965,
    6308.44746254975,
    6308.35158361279,
    6308.270887842718,
    6308.233882112323,
    6308.195237261694
  ],
  "train_kl": [
    551.5181834862667,
    472.391269299969,
    401.01438745462667,
    345.9246998433047,
    302.3195911383479,
    268.2304180073288,
    241.81944850705705,
    221.04537179335108,
    204.2722464987317,
    190.42920008245505,
    178.6912276070073,
    168.63957742175216,
    159.92326797629303,
    152.18286552669116,
    145.32473377011857,
    139.15112385060053,
    133.57318189608975,
    128.5136484769905,
    123.91659363560707,
    119.7582096903579,
    118.96437358856201,
    118.41175006170693,
    118.02198890470109,
    117.68061703855886,
    117.49553807576497,
    117.16260403207264,
    116.97704715248923,
    116.78342925377612,
    116.60249863630571,
    116.40412487773776,
    116.37384689379039,
    116.19570267275445,
    116.11056779465585,
    116.03470799308153,
    115.92487366994222,
    115.84089147819662,
    115.77590598100386,
    115.71912334849999,
    115.65470483767912,
    115.65825563706692,
    115.59230625104604,
    115.5902711760323,
    115.56273054326856,
    115.54558070800589,
    115.51135769730094,
    115.50755040150769,
    115.5590579014904,
    115.50319542674899,
    115.45989734721634,
    115.47740742545457
  ],
  "val_loss": [
    6359.086676181891,
    6355.396659655448,
    6357.345556014623,
    6363.016770582933,
    6376.409048227163,
    6382.248112605168,
    6391.382774939904,
    6398.522636217948,
    6406.6412510016025,
    6412.054280598958,
    6419.389876928085,
    6425.995248647837,
    6433.455009264823,
    6439.856958633814,
    6447.415693234175,
    6450.924150515825,
    6457.134180313502,
    6461.488152919672,
    6466.227125901442,
    6473.459478916266,
    6473.118489583333,
    6469.579815204327,
    6472.413552308694,
    6469.320068359375,
    6468.140590569912,
    6467.330835586939,
    6466.474887945713,
    6466.520432692308,
    6465.800314878806,
    6465.040010892428,
    6464.602789463141,
    6464.0265049078525,
    6463.622352013221,
    6463.515537359775,
    6462.9195713141025,
    6462.598106971154,
    6462.426382211538,
    6462.04107822516,
    6461.690010266427,
    6461.733558067908,
    6461.381707607172,
    6460.976052308694,
    6460.92666391226,
    6460.770595452725,
    6460.610248272235,
    6460.611594175681,
    6460.624236278045,
    6460.414788661859,
    6460.31727326222,
    6460.58073855669
  ],
  "val_recon": [
    6330.0816493890225,
    6309.514182066306,
    6297.795801407252,
    6296.225395007011,
    6303.70797651242,
    6302.7050217848555,
    6306.57505446214,
    6310.9402262369795,
    6317.474794045473,
    6318.099418444511,
    6323.467476086739,
    6326.89505083133,
    6332.192789713542,
    6334.31846892528,
    6338.213657476963,
    6341.17291416266,
    6344.89489433093,
    6346.774232522035,
    6350.28955078125,
    6355.7994228265225,
    6355.227282401843,
    6351.341333633814,
    6355.866583408453,
    6351.618067032252,
    6351.621607071314,
    6351.28573843149,
    6349.935819185697,
    6349.873719826723,
    6350.526088616787,
    6349.471354166667,
    6349.121625851362,
    6349.796640249399,
    6348.810556265024,
    6348.4277907151445,
    6348.156544220753,
    6347.71826171875,
    6347.669959435096,
    6347.254529121595,
    6347.539388020833,
    6347.166769956931,
    6346.898127629207,
    6346.554784530248,
    6346.504510341547,
    6346.20315630008,
    6345.8834228515625,
    6345.811667417868,
    6346.010714017428,
    6346.451669546274,
    6345.3218837640225,
    6345.763064653445
  ],
  "val_kl": [
    580.1006931402744,
    458.8247735439203,
    396.9983923496344,
    333.95686712020483,
    290.80430485652045,
    265.14360887576373,
    242.30781643207257,
    218.95606564252805,
    198.14765186798877,
    187.9097675421299,
    174.4043797223996,
    165.1669862209222,
    155.7880581586789,
    150.7692651993189,
    145.6027214832795,
    137.18906030899439,
    132.04619979858398,
    127.45991741082607,
    122.03956701816657,
    117.66004669971956,
    117.89120424710788,
    118.23845917139298,
    116.54696063506297,
    117.70198900271684,
    116.51897317935259,
    116.04510649656638,
    116.53905731592423,
    116.64670988229605,
    115.2742217626327,
    115.56863946181078,
    115.48117422446226,
    114.22984817700508,
    114.81179335178473,
    115.08776845687476,
    114.76303389133551,
    114.87983801426032,
    114.7564271291097,
    114.7865412296393,
    114.15062209887382,
    114.56680532602164,
    114.48358525985327,
    114.4212725223639,
    114.42213738270296,
    114.56742311135316,
    114.72682189941406,
    114.7999139443422,
    114.61354446411133,
    113.96312126746544,
    114.99540798480695,
    114.8176778157552
  ],
  "beta": [
    0.05,
    0.1,
    0.15,
    0.2,
    0.25,
    0.3,
    0.35,
    0.4,
    0.45,
    0.5,
    0.55,
    0.6,
    0.65,
    0.7,
    0.75,
    0.8,
    0.85,
    0.9,
    0.95,
    1.0,
    1.0,
    1.0,
    1.0,
    1.0,
    1.0,
    1.0,
    1.0,
    1.0,
    1.0,
    1.0,
    1.0,
    1.0,
    1.0,
    1.0,
    1.0,
    1.0,
    1.0,
    1.0,
    1.0,
    1.0,
    1.0,
    1.0,
    1.0,
    1.0,
    1.0,
    1.0,
    1.0,
    1.0,
    1.0,
    1.0
  ],