{
  "test_recon_loss": 6274.501205053085,
  "test_kl_divergence": 114.89778596926958,
  "test_ssim": 0.7478079383189862
}